,file,date
15,git_commit.ipynb,2023-11-02 02:00:27
3,ul2_eoc.py,2023-10-30 19:58:51
9,ul2_eoc_and_inconsistencies.ipynb,2023-10-30 19:53:59
1,calculate_inconsistencies_t5_c4.py,2023-10-30 03:53:52
11,calculate_inconsistencies_roberta.py,2023-10-30 02:59:47
8,gpt_api_for_generating_testing_data.ipynb,2023-10-29 22:32:48
2,test_ul2_for_math.ipynb,2023-10-29 22:29:15
6,bart_generates_probing_bigrams_for_bert.py,2023-10-27 22:34:51
12,t5_5_gram_inconsistencies.ipynb,2023-06-23 12:36:16
0,interpret_probs_for_inconsistencies.ipynb,2023-06-23 12:31:53
7,calculate_inconsistencies_t5_long_span.py,2023-06-22 10:09:01
5,bart_generates_probing_bigram_pairs_parallel.py,2023-06-21 07:10:11
4,t5_lambada_eoc.ipynb,2023-06-19 03:28:43
13,t5_lambada_eoc.py,2023-05-24 13:56:05
10,calculate_t5_probs_for_examples.py,2022-12-15 09:27:17
14,calculate_t5_probs_for_examples_2.py,2022-12-15 09:24:37
